_t,Region,Name
TimeZone,CI,Africa/Abidjan
TimeZone,GH,Africa/Accra
TimeZone,ET,Africa/Addis_Ababa
TimeZone,DZ,Africa/Algiers
TimeZone,ER,Africa/Asmara
TimeZone,ML,Africa/Bamako
TimeZone,CF,Africa/Bangui
TimeZone,GM,Africa/Banjul
TimeZone,GW,Africa/Bissau
TimeZone,MW,Africa/Blantyre
TimeZone,CG,Africa/Brazzaville
TimeZone,BI,Africa/Bujumbura
TimeZone,EG,Africa/Cairo
TimeZone,MA,Africa/Casablanca
TimeZone,ES,Africa/Ceuta
TimeZone,GN,Africa/Conakry
TimeZone,SN,Africa/Dakar
TimeZone,TZ,Africa/Dar_es_Salaam
TimeZone,DJ,Africa/Djibouti
TimeZone,CM,Africa/Douala
TimeZone,EH,Africa/El_Aaiun
TimeZone,SL,Africa/Freetown
TimeZone,BW,Africa/Gaborone
TimeZone,ZW,Africa/Harare
TimeZone,ZA,Africa/Johannesburg
TimeZone,SS,Africa/Juba
TimeZone,UG,Africa/Kampala
TimeZone,SD,Africa/Khartoum
TimeZone,RW,Africa/Kigali
TimeZone,CD,Africa/Kinshasa
TimeZone,NG,Africa/Lagos
TimeZone,GA,Africa/Libreville
TimeZone,TG,Africa/Lome
TimeZone,AO,Africa/Luanda
TimeZone,CD,Africa/Lubumbashi
TimeZone,ZM,Africa/Lusaka
TimeZone,GQ,Africa/Malabo
TimeZone,MZ,Africa/Maputo
TimeZone,LS,Africa/Maseru
TimeZone,SZ,Africa/Mbabane
TimeZone,SO,Africa/Mogadishu
TimeZone,LR,Africa/Monrovia
TimeZone,KE,Africa/Nairobi
TimeZone,TD,Africa/Ndjamena
TimeZone,NE,Africa/Niamey
TimeZone,MR,Africa/Nouakchott
TimeZone,BF,Africa/Ouagadougou
TimeZone,BJ,Africa/Porto-Novo
TimeZone,ST,Africa/Sao_Tome
TimeZone,LY,Africa/Tripoli
TimeZone,TN,Africa/Tunis
TimeZone,NA,Africa/Windhoek
TimeZone,US,America/Adak
TimeZone,US,America/Anchorage
TimeZone,AI,America/Anguilla
TimeZone,AG,America/Antigua
TimeZone,BR,America/Araguaina
TimeZone,AR,America/Argentina/Buenos_Aires
TimeZone,AR,America/Argentina/Catamarca
TimeZone,AR,America/Argentina/Cordoba
TimeZone,AR,America/Argentina/Jujuy
TimeZone,AR,America/Argentina/La_Rioja
TimeZone,AR,America/Argentina/Mendoza
TimeZone,AR,America/Argentina/Rio_Gallegos
TimeZone,AR,America/Argentina/Salta
TimeZone,AR,America/Argentina/San_Juan
TimeZone,AR,America/Argentina/San_Luis
TimeZone,AR,America/Argentina/Tucuman
TimeZone,AR,America/Argentina/Ushuaia
TimeZone,AW,America/Aruba
TimeZone,PY,America/Asuncion
TimeZone,CA,America/Atikokan
TimeZone,BR,America/Bahia
TimeZone,MX,America/Bahia_Banderas
TimeZone,BB,America/Barbados
TimeZone,BR,America/Belem
TimeZone,BZ,America/Belize
TimeZone,CA,America/Blanc-Sablon
TimeZone,BR,America/Boa_Vista
TimeZone,CO,America/Bogota
TimeZone,US,America/Boise
TimeZone,CA,America/Cambridge_Bay
TimeZone,BR,America/Campo_Grande
TimeZone,MX,America/Cancun
TimeZone,VE,America/Caracas
TimeZone,GF,America/Cayenne
TimeZone,KY,America/Cayman
TimeZone,US,America/Chicago
TimeZone,MX,America/Chihuahua
TimeZone,CR,America/Costa_Rica
TimeZone,CA,America/Creston
TimeZone,BR,America/Cuiaba
TimeZone,CW,America/Curacao
TimeZone,GL,America/Danmarkshavn
TimeZone,CA,America/Dawson
TimeZone,CA,America/Dawson_Creek
TimeZone,US,America/Denver
TimeZone,US,America/Detroit
TimeZone,DM,America/Dominica
TimeZone,CA,America/Edmonton
TimeZone,BR,America/Eirunepe
TimeZone,SV,America/El_Salvador
TimeZone,CA,America/Fort_Nelson
TimeZone,BR,America/Fortaleza
TimeZone,CA,America/Glace_Bay
TimeZone,GL,America/Godthab
TimeZone,CA,America/Goose_Bay
TimeZone,TC,America/Grand_Turk
TimeZone,GD,America/Grenada
TimeZone,GP,America/Guadeloupe
TimeZone,GT,America/Guatemala
TimeZone,EC,America/Guayaquil
TimeZone,GY,America/Guyana
TimeZone,CA,America/Halifax
TimeZone,CU,America/Havana
TimeZone,MX,America/Hermosillo
TimeZone,US,America/Indiana/Indianapolis
TimeZone,US,America/Indiana/Knox
TimeZone,US,America/Indiana/Marengo
TimeZone,US,America/Indiana/Petersburg
TimeZone,US,America/Indiana/Tell_City
TimeZone,US,America/Indiana/Vevay
TimeZone,US,America/Indiana/Vincennes
TimeZone,US,America/Indiana/Winamac
TimeZone,CA,America/Inuvik
TimeZone,CA,America/Iqaluit
TimeZone,JM,America/Jamaica
TimeZone,US,America/Juneau
TimeZone,US,America/Kentucky/Louisville
TimeZone,US,America/Kentucky/Monticello
TimeZone,BQ,America/Kralendijk
TimeZone,BO,America/La_Paz
TimeZone,PE,America/Lima
TimeZone,US,America/Los_Angeles
TimeZone,SX,America/Lower_Princes
TimeZone,BR,America/Maceio
TimeZone,NI,America/Managua
TimeZone,BR,America/Manaus
TimeZone,MF,America/Marigot
TimeZone,MQ,America/Martinique
TimeZone,MX,America/Matamoros
TimeZone,MX,America/Mazatlan
TimeZone,US,America/Menominee
TimeZone,MX,America/Merida
TimeZone,US,America/Metlakatla
TimeZone,MX,America/Mexico_City
TimeZone,PM,America/Miquelon
TimeZone,CA,America/Moncton
TimeZone,MX,America/Monterrey
TimeZone,UY,America/Montevideo
TimeZone,MS,America/Montserrat
TimeZone,BS,America/Nassau
TimeZone,US,America/New_York
TimeZone,CA,America/Nipigon
TimeZone,US,America/Nome
TimeZone,BR,America/Noronha
TimeZone,US,America/North_Dakota/Beulah
TimeZone,US,America/North_Dakota/Center
TimeZone,US,America/North_Dakota/New_Salem
TimeZone,MX,America/Ojinaga
TimeZone,PA,America/Panama
TimeZone,CA,America/Pangnirtung
TimeZone,SR,America/Paramaribo
TimeZone,US,America/Phoenix
TimeZone,TT,America/Port_of_Spain
TimeZone,HT,America/Port-au-Prince
TimeZone,BR,America/Porto_Velho
TimeZone,PR,America/Puerto_Rico
TimeZone,CA,America/Rainy_River
TimeZone,CA,America/Rankin_Inlet
TimeZone,BR,America/Recife
TimeZone,CA,America/Regina
TimeZone,CA,America/Resolute
TimeZone,BR,America/Rio_Branco
TimeZone,BR,America/Santarem
TimeZone,CL,America/Santiago
TimeZone,DO,America/Santo_Domingo
TimeZone,BR,America/Sao_Paulo
TimeZone,GL,America/Scoresbysund
TimeZone,US,America/Sitka
TimeZone,BL,America/St_Barthelemy
TimeZone,CA,America/St_Johns
TimeZone,KN,America/St_Kitts
TimeZone,LC,America/St_Lucia
TimeZone,VI,America/St_Thomas
TimeZone,VC,America/St_Vincent
TimeZone,CA,America/Swift_Current
TimeZone,HN,America/Tegucigalpa
TimeZone,GL,America/Thule
TimeZone,CA,America/Thunder_Bay
TimeZone,MX,America/Tijuana
TimeZone,CA,America/Toronto
TimeZone,VG,America/Tortola
TimeZone,CA,America/Vancouver
TimeZone,CA,America/Whitehorse
TimeZone,CA,America/Winnipeg
TimeZone,US,America/Yakutat
TimeZone,CA,America/Yellowknife
TimeZone,AQ,Antarctica/Casey
TimeZone,AQ,Antarctica/Davis
TimeZone,AQ,Antarctica/DumontDUrville
TimeZone,AU,Antarctica/Macquarie
TimeZone,AQ,Antarctica/Mawson
TimeZone,AQ,Antarctica/McMurdo
TimeZone,AQ,Antarctica/Palmer
TimeZone,AQ,Antarctica/Rothera
TimeZone,AQ,Antarctica/Syowa
TimeZone,AQ,Antarctica/Troll
TimeZone,AQ,Antarctica/Vostok
TimeZone,SJ,Arctic/Longyearbyen
TimeZone,YE,Asia/Aden
TimeZone,KZ,Asia/Almaty
TimeZone,JO,Asia/Amman
TimeZone,RU,Asia/Anadyr
TimeZone,KZ,Asia/Aqtau
TimeZone,KZ,Asia/Aqtobe
TimeZone,TM,Asia/Ashgabat
TimeZone,IQ,Asia/Baghdad
TimeZone,BH,Asia/Bahrain
TimeZone,AZ,Asia/Baku
TimeZone,TH,Asia/Bangkok
TimeZone,RU,Asia/Barnaul
TimeZone,LB,Asia/Beirut
TimeZone,KG,Asia/Bishkek
TimeZone,BN,Asia/Brunei
TimeZone,RU,Asia/Chita
TimeZone,MN,Asia/Choibalsan
TimeZone,LK,Asia/Colombo
TimeZone,SY,Asia/Damascus
TimeZone,BD,Asia/Dhaka
TimeZone,TL,Asia/Dili
TimeZone,AE,Asia/Dubai
TimeZone,TJ,Asia/Dushanbe
TimeZone,PS,Asia/Gaza
TimeZone,PS,Asia/Hebron
TimeZone,VN,Asia/Ho_Chi_Minh
TimeZone,HK,Asia/Hong_Kong
TimeZone,MN,Asia/Hovd
TimeZone,RU,Asia/Irkutsk
TimeZone,ID,Asia/Jakarta
TimeZone,ID,Asia/Jayapura
TimeZone,IL,Asia/Jerusalem
TimeZone,AF,Asia/Kabul
TimeZone,RU,Asia/Kamchatka
TimeZone,PK,Asia/Karachi
TimeZone,NP,Asia/Kathmandu
TimeZone,RU,Asia/Khandyga
TimeZone,IN,Asia/Kolkata
TimeZone,RU,Asia/Krasnoyarsk
TimeZone,MY,Asia/Kuala_Lumpur
TimeZone,MY,Asia/Kuching
TimeZone,KW,Asia/Kuwait
TimeZone,MO,Asia/Macau
TimeZone,RU,Asia/Magadan
TimeZone,ID,Asia/Makassar
TimeZone,PH,Asia/Manila
TimeZone,OM,Asia/Muscat
TimeZone,CY,Asia/Nicosia
TimeZone,RU,Asia/Novokuznetsk
TimeZone,RU,Asia/Novosibirsk
TimeZone,RU,Asia/Omsk
TimeZone,KZ,Asia/Oral
TimeZone,KH,Asia/Phnom_Penh
TimeZone,ID,Asia/Pontianak
TimeZone,KP,Asia/Pyongyang
TimeZone,QA,Asia/Qatar
TimeZone,KZ,Asia/Qyzylorda
TimeZone,MM,Asia/Rangoon
TimeZone,SA,Asia/Riyadh
TimeZone,RU,Asia/Sakhalin
TimeZone,UZ,Asia/Samarkand
TimeZone,KR,Asia/Seoul
TimeZone,CN,Asia/Shanghai
TimeZone,SG,Asia/Singapore
TimeZone,RU,Asia/Srednekolymsk
TimeZone,TW,Asia/Taipei
TimeZone,UZ,Asia/Tashkent
TimeZone,GE,Asia/Tbilisi
TimeZone,IR,Asia/Tehran
TimeZone,BT,Asia/Thimphu
TimeZone,JP,Asia/Tokyo
TimeZone,RU,Asia/Tomsk
TimeZone,MN,Asia/Ulaanbaatar
TimeZone,CN,Asia/Urumqi
TimeZone,RU,Asia/Ust-Nera
TimeZone,LA,Asia/Vientiane
TimeZone,RU,Asia/Vladivostok
TimeZone,RU,Asia/Yakutsk
TimeZone,RU,Asia/Yekaterinburg
TimeZone,AM,Asia/Yerevan
TimeZone,PT,Atlantic/Azores
TimeZone,BM,Atlantic/Bermuda
TimeZone,ES,Atlantic/Canary
TimeZone,CV,Atlantic/Cape_Verde
TimeZone,FO,Atlantic/Faroe
TimeZone,PT,Atlantic/Madeira
TimeZone,IS,Atlantic/Reykjavik
TimeZone,GS,Atlantic/South_Georgia
TimeZone,SH,Atlantic/St_Helena
TimeZone,FK,Atlantic/Stanley
TimeZone,AU,Australia/Adelaide
TimeZone,AU,Australia/Brisbane
TimeZone,AU,Australia/Broken_Hill
TimeZone,AU,Australia/Currie
TimeZone,AU,Australia/Darwin
TimeZone,AU,Australia/Eucla
TimeZone,AU,Australia/Hobart
TimeZone,AU,Australia/Lindeman
TimeZone,AU,Australia/Lord_Howe
TimeZone,AU,Australia/Melbourne
TimeZone,AU,Australia/Perth
TimeZone,AU,Australia/Sydney
TimeZone,NL,Europe/Amsterdam
TimeZone,AD,Europe/Andorra
TimeZone,RU,Europe/Astrakhan
TimeZone,GR,Europe/Athens
TimeZone,RS,Europe/Belgrade
TimeZone,DE,Europe/Berlin
TimeZone,SK,Europe/Bratislava
TimeZone,BE,Europe/Brussels
TimeZone,RO,Europe/Bucharest
TimeZone,HU,Europe/Budapest
TimeZone,DE,Europe/Busingen
TimeZone,MD,Europe/Chisinau
TimeZone,DK,Europe/Copenhagen
TimeZone,IE,Europe/Dublin
TimeZone,GI,Europe/Gibraltar
TimeZone,GG,Europe/Guernsey
TimeZone,FI,Europe/Helsinki
TimeZone,IM,Europe/Isle_of_Man
TimeZone,TR,Europe/Istanbul
TimeZone,JE,Europe/Jersey
TimeZone,RU,Europe/Kaliningrad
TimeZone,UA,Europe/Kiev
TimeZone,RU,Europe/Kirov
TimeZone,PT,Europe/Lisbon
TimeZone,SI,Europe/Ljubljana
TimeZone,GB,Europe/London
TimeZone,LU,Europe/Luxembourg
TimeZone,ES,Europe/Madrid
TimeZone,MT,Europe/Malta
TimeZone,AX,Europe/Mariehamn
TimeZone,BY,Europe/Minsk
TimeZone,MC,Europe/Monaco
TimeZone,RU,Europe/Moscow
TimeZone,NO,Europe/Oslo
TimeZone,FR,Europe/Paris
TimeZone,ME,Europe/Podgorica
TimeZone,CZ,Europe/Prague
TimeZone,LV,Europe/Riga
TimeZone,IT,Europe/Rome
TimeZone,RU,Europe/Samara
TimeZone,SM,Europe/San_Marino
TimeZone,BA,Europe/Sarajevo
TimeZone,RU,Europe/Simferopol
TimeZone,MK,Europe/Skopje
TimeZone,BG,Europe/Sofia
TimeZone,SE,Europe/Stockholm
TimeZone,EE,Europe/Tallinn
TimeZone,AL,Europe/Tirane
TimeZone,RU,Europe/Ulyanovsk
TimeZone,UA,Europe/Uzhgorod
TimeZone,LI,Europe/Vaduz
TimeZone,VA,Europe/Vatican
TimeZone,AT,Europe/Vienna
TimeZone,LT,Europe/Vilnius
TimeZone,RU,Europe/Volgograd
TimeZone,PL,Europe/Warsaw
TimeZone,HR,Europe/Zagreb
TimeZone,UA,Europe/Zaporozhye
TimeZone,CH,Europe/Zurich
TimeZone,MG,Indian/Antananarivo
TimeZone,IO,Indian/Chagos
TimeZone,CX,Indian/Christmas
TimeZone,CC,Indian/Cocos
TimeZone,KM,Indian/Comoro
TimeZone,TF,Indian/Kerguelen
TimeZone,SC,Indian/Mahe
TimeZone,MV,Indian/Maldives
TimeZone,MU,Indian/Mauritius
TimeZone,YT,Indian/Mayotte
TimeZone,RE,Indian/Reunion
TimeZone,WS,Pacific/Apia
TimeZone,NZ,Pacific/Auckland
TimeZone,PG,Pacific/Bougainville
TimeZone,NZ,Pacific/Chatham
TimeZone,FM,Pacific/Chuuk
TimeZone,CL,Pacific/Easter
TimeZone,VU,Pacific/Efate
TimeZone,KI,Pacific/Enderbury
TimeZone,TK,Pacific/Fakaofo
TimeZone,FJ,Pacific/Fiji
TimeZone,TV,Pacific/Funafuti
TimeZone,EC,Pacific/Galapagos
TimeZone,PF,Pacific/Gambier
TimeZone,SB,Pacific/Guadalcanal
TimeZone,GU,Pacific/Guam
TimeZone,US,Pacific/Honolulu
TimeZone,UM,Pacific/Johnston
TimeZone,KI,Pacific/Kiritimati
TimeZone,FM,Pacific/Kosrae
TimeZone,MH,Pacific/Kwajalein
TimeZone,MH,Pacific/Majuro
TimeZone,PF,Pacific/Marquesas
TimeZone,UM,Pacific/Midway
TimeZone,NR,Pacific/Nauru
TimeZone,NU,Pacific/Niue
TimeZone,NF,Pacific/Norfolk
TimeZone,NC,Pacific/Noumea
TimeZone,AS,Pacific/Pago_Pago
TimeZone,PW,Pacific/Palau
TimeZone,PN,Pacific/Pitcairn
TimeZone,FM,Pacific/Pohnpei
TimeZone,PG,Pacific/Port_Moresby
TimeZone,CK,Pacific/Rarotonga
TimeZone,MP,Pacific/Saipan
TimeZone,PF,Pacific/Tahiti
TimeZone,KI,Pacific/Tarawa
TimeZone,TO,Pacific/Tongatapu
TimeZone,UM,Pacific/Wake
TimeZone,WF,Pacific/Wallis
